size,fill,x,y,clickSelects,PANEL,group
6,#F8766D,0.0454545454545455,0.954545454545454,School: Texas  Group: 1  Total.Revenue: 163295115  Total.Expenses: 138269710  Total.Subsidy: 0  Revenue.Less.Expenses: 25025405  Rank: 1,1,194
5.49,#F8766D,0.0454545454545455,0.833941743685066,School: Ohio State  Group: 1  Total.Revenue: 142043057  Total.Expenses: 124419412  Total.Subsidy: 0  Revenue.Less.Expenses: 17623645  Rank: 2,1,151
5.15,#F8766D,0.0526745660332147,0.823092036015218,School: Michigan  Group: 1  Total.Revenue: 140131187  Total.Expenses: 115200187  Total.Subsidy: 258885  Revenue.Less.Expenses: 24931000  Rank: 3,1,107
4.89,#F8766D,0.197761463137024,0.736655969154653,School: Alabama  Group: 1  Total.Revenue: 124899945  Total.Expenses: 108204867  Total.Subsidy: 5461200  Revenue.Less.Expenses: 16695078  Rank: 4,1,3
4.77,#F8766D,0.166951384553325,0.713230816577231,School: Florida  Group: 1  Total.Revenue: 120772106  Total.Expenses: 105102198  Total.Subsidy: 4356457  Revenue.Less.Expenses: 15669908  Rank: 5,1,56
3.91,#F8766D,0.190476879730691,0.707159311380409,School: Texas A&M  Group: 1  Total.Revenue: 119702222  Total.Expenses: 81792118  Total.Subsidy: 5200000  Revenue.Less.Expenses: 37910104  Rank: 6,1,196
4.66,#F8766D,0.0454545454545455,0.679270284426601,School: LSU  Group: 1  Total.Revenue: 114787786  Total.Expenses: 101989116  Total.Subsidy: 0  Revenue.Less.Expenses: 12798670  Rank: 7,1,97
4.86,#F8766D,0.0454545454545455,0.642181821965854,School: Penn State  Group: 1  Total.Revenue: 108252281  Total.Expenses: 107389258  Total.Subsidy: 0  Revenue.Less.Expenses: 863023  Rank: 8,1,157
4.45,#F8766D,0.0454545454545455,0.6319915682755,School: Oklahoma  Group: 1  Total.Revenue: 106456616  Total.Expenses: 96250328  Total.Subsidy: 0  Revenue.Less.Expenses: 10206288  Rank: 9,1,152
4.45,#F8766D,0.163051148317521,0.629123662760704,School: Auburn  Group: 1  Total.Revenue: 105951251  Total.Expenses: 96315831  Total.Subsidy: 4216608  Revenue.Less.Expenses: 9635420  Rank: 10,1,17
4.67,#F8766D,0.244231443820607,0.616932739024702,School: Wisconsin  Group: 1  Total.Revenue: 103803040  Total.Expenses: 102275206  Total.Subsidy: 7127453  Revenue.Less.Expenses: 1527834  Rank: 11,1,225
4.63,#F8766D,0.0733434558922658,0.611718884358588,School: Tennessee  Group: 1  Total.Revenue: 102884286  Total.Expenses: 101292015  Total.Subsidy: 1e+06  Revenue.Less.Expenses: 1592271  Rank: 12,1,187
4.23,#F8766D,0.262398503191021,0.595631385213663,School: Florida State  Group: 1  Total.Revenue: 100049444  Total.Expenses: 90278878  Total.Subsidy: 7778861  Revenue.Less.Expenses: 9770566  Rank: 13,1,61
3.94,#F8766D,0.0998150519015412,0.593974524469625,School: Arkansas  Group: 1  Total.Revenue: 99757482  Total.Expenses: 82470473  Total.Subsidy: 1949180  Revenue.Less.Expenses: 17287009  Rank: 14,1,14
4.76,#F8766D,0.0606142320568189,0.583450341511896,School: Iowa  Group: 1  Total.Revenue: 97902974  Total.Expenses: 104658746  Total.Subsidy: 543574  Revenue.Less.Expenses: -6755772  Rank: 15,1,80
4.21,#F8766D,0.11450358325088,0.564909557794904,School: Oregon  Group: 1  Total.Revenue: 94635829  Total.Expenses: 89709350  Total.Subsidy: 2475860  Revenue.Less.Expenses: 4926479  Rank: 16,1,155
4.15,#F8766D,0.162775661660217,0.560998846162387,School: Michigan State  Group: 1  Total.Revenue: 93946707  Total.Expenses: 88100432  Total.Subsidy: 4206730  Revenue.Less.Expenses: 5846275  Rank: 17,1,108
4.18,#F8766D,0.135920927799348,0.54808219674109,School: Georgia  Group: 1  Total.Revenue: 91670613  Total.Expenses: 88923561  Total.Subsidy: 3243812  Revenue.Less.Expenses: 2747052  Rank: 18,1,64
4.03,#00BFC4,0.0685234712791355,0.529371074650978,School: Kentucky  Group: 3  Total.Revenue: 88373452  Total.Expenses: 84929819  Total.Subsidy: 827172  Revenue.Less.Expenses: 3443633  Rank: 19,1,89
4,#00BFC4,0.34649260416773,0.526346620816589,School: Louisville  Group: 3  Total.Revenue: 87840501  Total.Expenses: 84133793  Total.Subsidy: 10794185  Revenue.Less.Expenses: 3706708  Rank: 20,1,96
4.03,#00BFC4,0.110666292285933,0.525029194011499,School: South Carolina  Group: 3  Total.Revenue: 87608352  Total.Expenses: 84963037  Total.Subsidy: 2338268  Revenue.Less.Expenses: 2645315  Rank: 21,1,170
4.47,#F8766D,0.220727618326651,0.523112467369875,School: Oklahoma State  Group: 1  Total.Revenue: 87270598  Total.Expenses: 96782619  Total.Subsidy: 6284687  Revenue.Less.Expenses: -9512021  Rank: 22,1,153
3.98,#00BFC4,0.239591091679606,0.502392928969478,School: Minnesota  Group: 3  Total.Revenue: 83619526  Total.Expenses: 83619526  Total.Subsidy: 6961066  Revenue.Less.Expenses: 0  Rank: 23,1,110
3.62,#00BFC4,0.130948000401377,0.496577595297877,School: Washington  Group: 3  Total.Revenue: 82594783  Total.Expenses: 73833643  Total.Subsidy: 3065500  Revenue.Less.Expenses: 8761140  Rank: 24,1,212
3.92,#00BFC4,0.299022806044955,0.495610855796404,School: North Carolina  Group: 3  Total.Revenue: 82424430  Total.Expenses: 81921783  Total.Subsidy: 9092082  Revenue.Less.Expenses: 502647  Rank: 25,1,132
3.74,#00BFC4,0.0454545454545455,0.491109634777112,School: Nebraska  Group: 3  Total.Revenue: 81631252  Total.Expenses: 77037282  Total.Subsidy: 0  Revenue.Less.Expenses: 4593970  Rank: 26,1,122
3.68,#00BFC4,0.411667426081698,0.486594181060598,School: Virginia  Group: 3  Total.Revenue: 80835566  Total.Expenses: 75437849  Total.Subsidy: 13131129  Revenue.Less.Expenses: 5397717  Rank: 27,1,208
4.33,#00BFC4,0.170710335568853,0.482220537898653,School: West Virginia  Group: 3  Total.Revenue: 80064869  Total.Expenses: 92968960  Total.Subsidy: 4491240  Revenue.Less.Expenses: -12904091  Rank: 28,1,215
3.73,#00BFC4,0.15527800697814,0.474521834760175,School: Illinois  Group: 3  Total.Revenue: 78708250  Total.Expenses: 76740736  Total.Subsidy: 3937890  Revenue.Less.Expenses: 1967514  Rank: 29,1,74
3.73,#00BFC4,0.247829531600729,0.470640014141036,School: Arizona  Group: 3  Total.Revenue: 78024219  Total.Expenses: 76802678  Total.Subsidy: 7256468  Revenue.Less.Expenses: 1221541  Rank: 30,1,10
3.47,#00BFC4,0.123043725405119,0.441980168594391,School: Indiana  Group: 3  Total.Revenue: 72973954  Total.Expenses: 69915060  Total.Subsidy: 2782080  Revenue.Less.Expenses: 3058894  Rank: 31,1,78
3.54,#00BFC4,0.12286479015575,0.434930908878032,School: UCLA  Group: 3  Total.Revenue: 71731776  Total.Expenses: 71731776  Total.Subsidy: 2775664  Revenue.Less.Expenses: 0  Rank: 32,1,203
3.42,#00BFC4,0.310904318558737,0.431818942115475,School: California  Group: 3  Total.Revenue: 71183404  Total.Expenses: 68578362  Total.Subsidy: 9518112  Revenue.Less.Expenses: 2605042  Rank: 33,1,28
3.37,#00BFC4,0.259228761186312,0.429210431479976,School: Virginia Tech  Group: 3  Total.Revenue: 70723748  Total.Expenses: 66970798  Total.Subsidy: 7665205  Revenue.Less.Expenses: 3752950  Rank: 34,1,210
3.41,#00BFC4,0.0454545454545455,0.42864660556303,School: Purdue  Group: 3  Total.Revenue: 70624394  Total.Expenses: 68056269  Total.Subsidy: 0  Revenue.Less.Expenses: 2568125  Rank: 35,1,160
3.81,#00BFC4,0.124942764983554,0.426402282863799,School: Kansas  Group: 3  Total.Revenue: 70228913  Total.Expenses: 78973441  Total.Subsidy: 2850173  Revenue.Less.Expenses: -8744528  Rank: 36,1,85
3.4,#00BFC4,0.193731850245699,0.425116158912725,School: Clemson  Group: 3  Total.Revenue: 70002280  Total.Expenses: 67783797  Total.Subsidy: 5316712  Revenue.Less.Expenses: 2218483  Rank: 37,1,40
3.4,#00BFC4,0.157010187205427,0.42413212793261,School: Mississippi State  Group: 3  Total.Revenue: 69828880  Total.Expenses: 67926160  Total.Subsidy: 4e+06  Revenue.Less.Expenses: 1902720  Rank: 38,1,112
3.41,#00BFC4,0.526373259711072,0.414562965768315,School: Maryland  Group: 3  Total.Revenue: 68142660  Total.Expenses: 68109639  Total.Subsidy: 17244084  Revenue.Less.Expenses: 33021  Rank: 39,1,102
3.12,#00BFC4,0.150148929570628,0.413346773845891,School: Texas Tech  Group: 3  Total.Revenue: 67928350  Total.Expenses: 60346836  Total.Subsidy: 3753979  Revenue.Less.Expenses: 7581514  Rank: 40,1,199
3.26,#00BFC4,0.826234043847949,0.39127343808359,School: Rutgers  Group: 3  Total.Revenue: 64038720  Total.Expenses: 64038720  Total.Subsidy: 27996056  Revenue.Less.Expenses: 0  Rank: 41,1,163
3.25,#00BFC4,0.527372491483145,0.388595948805858,School: Connecticut  Group: 3  Total.Revenue: 63566909  Total.Expenses: 63828620  Total.Subsidy: 17279913  Revenue.Less.Expenses: -261711  Rank: 42,1,46
2.78,#00BFC4,0.121756735855149,0.386920179231221,School: Kansas State  Group: 3  Total.Revenue: 63271615  Total.Expenses: 50994785  Total.Subsidy: 2735933  Revenue.Less.Expenses: 12276830  Rank: 43,1,86
3.15,#00BFC4,0.238299165792489,0.386423896201965,School: Georgia Tech  Group: 3  Total.Revenue: 63184163  Total.Expenses: 61179789  Total.Subsidy: 6914742  Revenue.Less.Expenses: 2004374  Rank: 44,1,67
3.31,#00BFC4,0.333933000685565,0.367534048208233,School: Arizona State  Group: 3  Total.Revenue: 59855508  Total.Expenses: 65587903  Total.Subsidy: 10343841  Revenue.Less.Expenses: -5732395  Rank: 45,1,11
2.97,#00BFC4,0.196799295726923,0.366980193124229,School: North Carolina State  Group: 3  Total.Revenue: 59757911  Total.Expenses: 56332313  Total.Subsidy: 5426700  Revenue.Less.Expenses: 3425598  Rank: 46,1,137
3.06,#00BFC4,0.954545454545455,0.361581199895859,School: Nevada-Las Vegas  Group: 3  Total.Revenue: 58806533  Total.Expenses: 58691671  Total.Subsidy: 32596860  Revenue.Less.Expenses: 114862  Rank: 47,1,123
3.03,#00BFC4,0.567741856675208,0.361015433156565,School: Oregon State  Group: 3  Total.Revenue: 58706837  Total.Expenses: 57819032  Total.Subsidy: 18727419  Revenue.Less.Expenses: 887805  Rank: 48,1,156
2.9,#00BFC4,0.489317599079398,0.351890339090453,School: Colorado  Group: 3  Total.Revenue: 57098868  Total.Expenses: 54257246  Total.Subsidy: 15915396  Revenue.Less.Expenses: 2841622  Rank: 49,1,44
2.93,#00BFC4,0.0934638824386487,0.340836442154772,School: Iowa State  Group: 3  Total.Revenue: 55151017  Total.Expenses: 55113720  Total.Subsidy: 1721449  Revenue.Less.Expenses: 37297  Rank: 50,1,81
2.8,#00BFC4,0.105867949467302,0.322154472124318,School: Mississippi  Group: 3  Total.Revenue: 51858993  Total.Expenses: 51708064  Total.Subsidy: 2166216  Revenue.Less.Expenses: 150929  Rank: 51,1,111
3.37,#00BFC4,0.0994459142829875,0.315688877842243,School: Missouri  Group: 3  Total.Revenue: 50719665  Total.Expenses: 66980889  Total.Subsidy: 1935944  Revenue.Less.Expenses: -16261224  Rank: 52,1,115
2.73,#7CAE00,0.505898086223921,0.305318678140652,School: Cincinnati  Group: 2  Total.Revenue: 48892291  Total.Expenses: 49868204  Total.Subsidy: 16509915  Revenue.Less.Expenses: -975913  Rank: 53,1,38
2.62,#7CAE00,0.570707172966409,0.293351476742187,School: Memphis  Group: 2  Total.Revenue: 46783503  Total.Expenses: 46786144  Total.Subsidy: 18833745  Revenue.Less.Expenses: -2641  Rank: 54,1,105
2.49,#7CAE00,0.812499703680327,0.280336344774011,School: Air Force  Group: 2  Total.Revenue: 44490055  Total.Expenses: 43156740  Total.Subsidy: 27503590  Revenue.Less.Expenses: 1333315  Rank: 55,1,1
2.48,#7CAE00,0.510882810631007,0.275140076682334,School: South Florida  Group: 2  Total.Revenue: 43574400  Total.Expenses: 43067025  Total.Subsidy: 16688650  Revenue.Less.Expenses: 507375  Rank: 56,1,175
2.49,#7CAE00,0.347798864954812,0.274382503350786,School: Boise State  Group: 2  Total.Revenue: 43440905  Total.Expenses: 43172225  Total.Subsidy: 10841023  Revenue.Less.Expenses: 268680  Rank: 57,1,21
2.53,#7CAE00,0.549750664774014,0.273495331890675,School: New Mexico  Group: 2  Total.Revenue: 43284573  Total.Expenses: 44321779  Total.Subsidy: 18082317  Revenue.Less.Expenses: -1037206  Rank: 58,1,127
2.66,#7CAE00,0.290660176805652,0.270345609891032,School: Washington State  Group: 2  Total.Revenue: 42729548  Total.Expenses: 47962255  Total.Subsidy: 8792227  Revenue.Less.Expenses: -5232707  Rank: 59,1,213
2.37,#7CAE00,0.670512156971282,0.260495777575557,School: Central Florida  Group: 2  Total.Revenue: 40993870  Total.Expenses: 40009614  Total.Subsidy: 22412407  Revenue.Less.Expenses: 984256  Rank: 60,1,35
2.51,#7CAE00,0.32385567756582,0.259612465060466,School: Utah  Group: 2  Total.Revenue: 40838218  Total.Expenses: 43719503  Total.Subsidy: 9982503  Revenue.Less.Expenses: -2881285  Rank: 61,1,204
2.33,#7CAE00,0.516195954847408,0.243524483547414,School: San Diego State  Group: 2  Total.Revenue: 38003291  Total.Expenses: 39017254  Total.Subsidy: 16879161  Revenue.Less.Expenses: -1013963  Rank: 62,1,166
2.38,#7CAE00,0.426065131872992,0.242823341611866,School: Hawaii  Group: 2  Total.Revenue: 37879740  Total.Expenses: 40319775  Total.Subsidy: 13647381  Revenue.Less.Expenses: -2440035  Rank: 63,1,69
2.24,#7CAE00,0.640711489611967,0.235858808438373,School: Houston  Group: 2  Total.Revenue: 36652492  Total.Expenses: 36395207  Total.Subsidy: 21343858  Revenue.Less.Expenses: 257285  Rank: 64,1,70
2.13,#7CAE00,0.44670708104456,0.229745104542773,School: East Carolina  Group: 2  Total.Revenue: 35575172  Total.Expenses: 33623495  Total.Subsidy: 14387530  Revenue.Less.Expenses: 1951677  Rank: 65,1,50
2.16,#7CAE00,0.771260232371517,0.227885144117378,School: Old Dominion  Group: 2  Total.Revenue: 35247421  Total.Expenses: 34375037  Total.Subsidy: 26024885  Revenue.Less.Expenses: 872384  Rank: 66,1,154
2.17,#7CAE00,0.806778516815312,0.22418397319945,School: James Madison  Group: 2  Total.Revenue: 34595223  Total.Expenses: 34595223  Total.Subsidy: 27298448  Revenue.Less.Expenses: 0  Rank: 67,1,84
1.86,#7CAE00,0.356753854651812,0.206611807382169,School: Army  Group: 2  Total.Revenue: 31498762  Total.Expenses: 26301738  Total.Subsidy: 11162118  Revenue.Less.Expenses: 5197024  Rank: 68,1,16
2.04,#7CAE00,0.699025388558061,0.204436985417733,School: Delaware  Group: 2  Total.Revenue: 31115528  Total.Expenses: 31115528  Total.Subsidy: 23434793  Revenue.Less.Expenses: 0  Rank: 69,1,48
2.01,#7CAE00,0.461619616122534,0.202662727621298,School: Colorado State  Group: 2  Total.Revenue: 30802879  Total.Expenses: 30161147  Total.Subsidy: 14922242  Revenue.Less.Expenses: 641732  Rank: 70,1,45
2.01,#7CAE00,0.409166069704539,0.202215907187328,School: Fresno State  Group: 2  Total.Revenue: 30724143  Total.Expenses: 30174803  Total.Subsidy: 13041439  Revenue.Less.Expenses: 549340  Rank: 71,1,62
2.02,#7CAE00,0.470196125415984,0.199620936908914,School: Wyoming  Group: 2  Total.Revenue: 30266873  Total.Expenses: 30476152  Total.Subsidy: 15229766  Revenue.Less.Expenses: -209279  Rank: 72,1,227
1.98,#7CAE00,0.725265506610704,0.196757054911794,School: Massachusetts  Group: 2  Total.Revenue: 29762217  Total.Expenses: 29465734  Total.Subsidy: 24375673  Revenue.Less.Expenses: 296483  Rank: 73,1,103
1.88,#7CAE00,0.44922952143801,0.19358657973283,School: Marshall  Group: 2  Total.Revenue: 29203535  Total.Expenses: 26816730  Total.Subsidy: 14477976  Revenue.Less.Expenses: 2386805  Rank: 74,1,99
1.92,#7CAE00,0.72312508851243,0.192788515853167,School: Eastern Michigan  Group: 2  Total.Revenue: 29062905  Total.Expenses: 27798118  Total.Subsidy: 24298925  Revenue.Less.Expenses: 1264787  Rank: 75,1,54
1.79,#7CAE00,0.62195683878754,0.190567437622763,School: Ohio  Group: 2  Total.Revenue: 28671520  Total.Expenses: 24408346  Total.Subsidy: 20671381  Revenue.Less.Expenses: 4263174  Rank: 76,1,150
1.9,#7CAE00,0.580832911234674,0.189931699130385,School: New Mexico State  Group: 2  Total.Revenue: 28559494  Total.Expenses: 27426388  Total.Subsidy: 19196819  Revenue.Less.Expenses: 1133106  Rank: 77,1,128
1.92,#7CAE00,0.602796292760602,0.187446022119826,School: Miami Ohio  Group: 2  Total.Revenue: 28121483  Total.Expenses: 27832911  Total.Subsidy: 19984350  Revenue.Less.Expenses: 288572  Rank: 78,1,106
1.9,#7CAE00,0.568059427698362,0.187404572510375,School: Alabama at Birmingham  Group: 2  Total.Revenue: 28114179  Total.Expenses: 27412637  Total.Subsidy: 18738806  Revenue.Less.Expenses: 701542  Rank: 79,1,5
1.92,#7CAE00,0.597733981404678,0.186188834581483,School: Western Michigan  Group: 2  Total.Revenue: 27899949  Total.Expenses: 27817159  Total.Subsidy: 19802833  Revenue.Less.Expenses: 82790  Rank: 80,1,219
1.91,#7CAE00,0.60656676189614,0.183806855368499,School: Buffalo  Group: 2  Total.Revenue: 27480211  Total.Expenses: 27478169  Total.Subsidy: 20119546  Revenue.Less.Expenses: 2042  Rank: 81,1,23
1.89,#7CAE00,0.460602396003229,0.182392245573014,School: Texas-El Paso  Group: 2  Total.Revenue: 27230937  Total.Expenses: 27092238  Total.Subsidy: 14885768  Revenue.Less.Expenses: 138699  Rank: 82,1,192
1.9,#7CAE00,0.584992430670818,0.182315838461617,School: Akron  Group: 2  Total.Revenue: 27217473  Total.Expenses: 27225730  Total.Subsidy: 19345965  Revenue.Less.Expenses: -8257  Rank: 83,1,2
1.83,#7CAE00,0.575704029049535,0.180439046226032,School: Texas State  Group: 2  Total.Revenue: 26886756  Total.Expenses: 25439818  Total.Subsidy: 19012915  Revenue.Less.Expenses: 1446938  Rank: 84,1,198
1.87,#7CAE00,0.580641732753623,0.178559041986209,School: Middle Tennessee State  Group: 2  Total.Revenue: 26555473  Total.Expenses: 26450723  Total.Subsidy: 19189964  Revenue.Less.Expenses: 104750  Rank: 85,1,109
1.77,#7CAE00,0.54993138491365,0.175057265027435,School: Stony Brook  Group: 2  Total.Revenue: 25938411  Total.Expenses: 23875960  Total.Subsidy: 18088797  Revenue.Less.Expenses: 2062451  Rank: 86,1,184
1.84,#7CAE00,0.538966441441404,0.174103033047762,School: Western Kentucky  Group: 2  Total.Revenue: 25770262  Total.Expenses: 25770262  Total.Subsidy: 17695632  Revenue.Less.Expenses: 0  Rank: 87,1,218
1.84,#7CAE00,0.526843634074515,0.173924834911622,School: Central Michigan  Group: 2  Total.Revenue: 25738861  Total.Expenses: 25738861  Total.Subsidy: 17260950  Revenue.Less.Expenses: 0  Rank: 88,1,36
1.82,#7CAE00,0.59640434971065,0.17381232963953,School: Rhode Island  Group: 2  Total.Revenue: 25719036  Total.Expenses: 25016244  Total.Subsidy: 19755157  Revenue.Less.Expenses: 702792  Rank: 89,1,162
1.89,#7CAE00,0.625872609146458,0.17288010499631,School: California-Davis  Group: 2  Total.Revenue: 25554765  Total.Expenses: 26984595  Total.Subsidy: 20811787  Revenue.Less.Expenses: -1429830  Rank: 90,1,24
1.9,#7CAE00,0.631454518792747,0.17087571787862,School: Florida International  Group: 2  Total.Revenue: 25201564  Total.Expenses: 27428271  Total.Subsidy: 21011935  Revenue.Less.Expenses: -2226707  Rank: 91,1,60
1.85,#7CAE00,0.638650889575365,0.167124420399865,School: Georgia State  Group: 2  Total.Revenue: 24540533  Total.Expenses: 25943332  Total.Subsidy: 21269972  Revenue.Less.Expenses: -1402799  Rank: 92,1,66
1.8,#7CAE00,0.508339760332744,0.166534489854843,School: New Hampshire  Group: 2  Total.Revenue: 24436579  Total.Expenses: 24716355  Total.Subsidy: 16597465  Revenue.Less.Expenses: -279776  Rank: 93,1,125
1.76,#7CAE00,0.489106982027773,0.163596050769967,School: San Jose State  Group: 2  Total.Revenue: 23918785  Total.Expenses: 23505166  Total.Subsidy: 15907844  Revenue.Less.Expenses: 413619  Rank: 94,1,167
1.77,#7CAE00,0.51986030667873,0.161245045265689,School: Northern Illinois  Group: 2  Total.Revenue: 23504505  Total.Expenses: 23863877  Total.Subsidy: 17010552  Revenue.Less.Expenses: -359372  Rank: 95,1,146
1.63,#7CAE00,0.434120787875107,0.159667281544724,School: Florida Atlantic  Group: 2  Total.Revenue: 23226481  Total.Expenses: 20020133  Total.Subsidy: 13936229  Revenue.Less.Expenses: 3206348  Rank: 96,1,58
1.73,#7CAE00,0.52976720066679,0.157835343870077,School: Kent State  Group: 2  Total.Revenue: 22903668  Total.Expenses: 22735640  Total.Subsidy: 17365779  Revenue.Less.Expenses: 168028  Rank: 97,1,88
1.82,#7CAE00,0.566116965086375,0.157610316301135,School: Towson  Group: 2  Total.Revenue: 22864015  Total.Expenses: 25037059  Total.Subsidy: 18669156  Revenue.Less.Expenses: -2173044  Rank: 98,1,201
1.77,#7CAE00,0.525149884765811,0.157128685913117,School: Virginia Commonwealth  Group: 2  Total.Revenue: 22779145  Total.Expenses: 23760993  Total.Subsidy: 17200218  Revenue.Less.Expenses: -981848  Rank: 99,1,209
1.73,#7CAE00,0.35621788557102,0.155954857262127,School: Montana State  Group: 2  Total.Revenue: 22572300  Total.Expenses: 22583025  Total.Subsidy: 11142900  Revenue.Less.Expenses: -10725  Rank: 100,1,118
1.69,#7CAE00,0.238301201682951,0.155422413648065,School: Wichita State  Group: 2  Total.Revenue: 22478476  Total.Expenses: 21564660  Total.Subsidy: 6914815  Revenue.Less.Expenses: 913816  Rank: 101,1,220
1.68,#7CAE00,0.425631989204984,0.154456139489962,School: Texas-San Antonio  Group: 2  Total.Revenue: 22308205  Total.Expenses: 21223077  Total.Subsidy: 13631850  Revenue.Less.Expenses: 1085128  Rank: 102,1,193
1.71,#7CAE00,0.555813100347144,0.154367565351913,School: Coastal Carolina  Group: 2  Total.Revenue: 22292597  Total.Expenses: 22174271  Total.Subsidy: 18299695  Revenue.Less.Expenses: 118326  Rank: 103,1,42
1.71,#7CAE00,0.292259828930539,0.150050818929337,School: Nevada  Group: 2  Total.Revenue: 21531926  Total.Expenses: 22177509  Total.Subsidy: 8849585  Revenue.Less.Expenses: -645583  Rank: 104,1,124
1.7,#7CAE00,0.275929700535015,0.150021133427279,School: Southern Mississippi  Group: 2  Total.Revenue: 21526695  Total.Expenses: 21914136  Total.Subsidy: 8264043  Revenue.Less.Expenses: -387441  Rank: 105,1,181
1.72,#7CAE00,0.356938702350193,0.148540989665482,School: Toledo  Group: 2  Total.Revenue: 21265873  Total.Expenses: 22381963  Total.Subsidy: 11168746  Revenue.Less.Expenses: -1116090  Rank: 106,1,200
1.64,#7CAE00,0.449117965796259,0.147769115537684,School: Ball State  Group: 2  Total.Revenue: 21129858  Total.Expenses: 20174709  Total.Subsidy: 14473976  Revenue.Less.Expenses: 955149  Rank: 107,1,19
1.69,#7CAE00,0.402148996727125,0.147379725285483,School: Utah State  Group: 2  Total.Revenue: 21061242  Total.Expenses: 21565777  Total.Subsidy: 12789831  Revenue.Less.Expenses: -504535  Rank: 108,1,205
1.57,#C77CFF,0.449481051521248,0.145511059534117,School: Bowling Green  Group: 4  Total.Revenue: 20731957  Total.Expenses: 18387277  Total.Subsidy: 14486995  Revenue.Less.Expenses: 2344680  Rank: 109,1,22
1.64,#7CAE00,0.556182851521728,0.144612362313218,School: North Carolina Charlotte  Group: 2  Total.Revenue: 20573594  Total.Expenses: 20265479  Total.Subsidy: 18312953  Revenue.Less.Expenses: 308115  Rank: 110,1,135
1.66,#7CAE00,0.423666239352781,0.144580582765994,School: Southern Illinois  Group: 2  Total.Revenue: 20567994  Total.Expenses: 20739714  Total.Subsidy: 13561365  Revenue.Less.Expenses: -171720  Rank: 111,1,179
1.64,#C77CFF,0.366029371596472,0.144098645932342,School: William & Mary  Group: 4  Total.Revenue: 20483070  Total.Expenses: 20384899  Total.Subsidy: 11494706  Revenue.Less.Expenses: 98171  Rank: 112,1,221
1.64,#7CAE00,0.482219704039536,0.142616578372955,School: California Polytechnic  Group: 2  Total.Revenue: 20221909  Total.Expenses: 20154399  Total.Subsidy: 15660890  Revenue.Less.Expenses: 67510  Rank: 113,1,29
1.59,#C77CFF,0.265142688311362,0.142539739967702,School: Montana  Group: 4  Total.Revenue: 20208369  Total.Expenses: 19011913  Total.Subsidy: 7877258  Revenue.Less.Expenses: 1196456  Rank: 114,1,117
1.61,#7CAE00,0.484039706445791,0.141248372391336,School: George Mason  Group: 2  Total.Revenue: 19980812  Total.Expenses: 19378204  Total.Subsidy: 15726149  Revenue.Less.Expenses: 602608  Rank: 115,1,63
1.63,#C77CFF,0.30384694610574,0.137895159140915,School: North Dakota  Group: 4  Total.Revenue: 19389929  Total.Expenses: 20073382  Total.Subsidy: 9265059  Revenue.Less.Expenses: -683453  Rank: 116,1,140
1.59,#C77CFF,0.478632716045768,0.136026181268995,School: South Alabama  Group: 4  Total.Revenue: 19060589  Total.Expenses: 18816817  Total.Subsidy: 15532273  Revenue.Less.Expenses: 243772  Rank: 117,1,169
1.87,#7CAE00,0.309256502285524,0.135850553871229,School: North Texas  Group: 2  Total.Revenue: 19029641  Total.Expenses: 26542476  Total.Subsidy: 9459027  Revenue.Less.Expenses: -7512835  Rank: 118,1,143
1.58,#C77CFF,0.380554836486481,0.134806862466121,School: Maine  Group: 4  Total.Revenue: 18845728  Total.Expenses: 18653080  Total.Subsidy: 12015539  Revenue.Less.Expenses: 192648  Rank: 119,1,98
1.58,#C77CFF,0.457925367379223,0.134641058353399,School: Sacramento State  Group: 4  Total.Revenue: 18816511  Total.Expenses: 18592767  Total.Subsidy: 14789779  Revenue.Less.Expenses: 223744  Rank: 120,1,164
1.58,#C77CFF,0.313621228324669,0.134173933058721,School: Louisiana Tech  Group: 4  Total.Revenue: 18734197  Total.Expenses: 18687576  Total.Subsidy: 9615531  Revenue.Less.Expenses: 46621  Rank: 121,1,95
1.53,#C77CFF,0.331158444541758,0.133665511377409,School: Appalachian State  Group: 4  Total.Revenue: 18644606  Total.Expenses: 17238578  Total.Subsidy: 10244355  Revenue.Less.Expenses: 1406028  Rank: 122,1,9
1.57,#C77CFF,0.290009891080976,0.133322803010113,School: Idaho  Group: 4  Total.Revenue: 18584216  Total.Expenses: 18371540  Total.Subsidy: 8768910  Revenue.Less.Expenses: 212676  Rank: 123,1,71
1.58,#C77CFF,0.390654359178935,0.128431635596544,School: Illinois State  Group: 4  Total.Revenue: 17722324  Total.Expenses: 18631777  Total.Subsidy: 12377673  Revenue.Less.Expenses: -909453  Rank: 124,1,75
1.54,#C77CFF,0.255408621901284,0.126834560125721,School: Louisiana-Lafayette  Group: 4  Total.Revenue: 17440897  Total.Expenses: 17532577  Total.Subsidy: 7528228  Revenue.Less.Expenses: -91680  Rank: 125,1,93
1.55,#C77CFF,0.401283631725153,0.124030151281263,School: Vermont  Group: 4  Total.Revenue: 16946721  Total.Expenses: 17949954  Total.Subsidy: 12758802  Revenue.Less.Expenses: -1003233  Rank: 126,1,207
1.51,#C77CFF,0.247978318937914,0.123342294331437,School: North Dakota State  Group: 4  Total.Revenue: 16825511  Total.Expenses: 16831447  Total.Subsidy: 7261803  Revenue.Less.Expenses: -5936  Rank: 127,1,141
1.51,#C77CFF,0.270473039985502,0.121606665709637,School: Northern Iowa  Group: 4  Total.Revenue: 16519669  Total.Expenses: 16890627  Total.Subsidy: 8068386  Revenue.Less.Expenses: -370958  Rank: 128,1,147
1.5,#C77CFF,0.370137324437217,0.121521513547834,School: Troy  Group: 4  Total.Revenue: 16504664  Total.Expenses: 16504664  Total.Subsidy: 11642003  Revenue.Less.Expenses: 0  Rank: 129,1,202
1.47,#C77CFF,0.335160084855914,0.117869407980852,School: Long Beach State  Group: 4  Total.Revenue: 15861112  Total.Expenses: 15547465  Total.Subsidy: 10387840  Revenue.Less.Expenses: 313647  Rank: 130,1,91
1.46,#C77CFF,0.382817324345742,0.115121986674469,School: California-Irvine  Group: 4  Total.Revenue: 15376978  Total.Expenses: 15352662  Total.Subsidy: 12096664  Revenue.Less.Expenses: 24316  Rank: 131,1,25
1.46,#C77CFF,0.294933789774397,0.114726615057488,School: Arkansas State  Group: 4  Total.Revenue: 15307308  Total.Expenses: 15307308  Total.Subsidy: 8945464  Revenue.Less.Expenses: 0  Rank: 132,1,15
1.42,#C77CFF,0.367891737257682,0.114114160758371,School: College of Charleston  Group: 4  Total.Revenue: 15199385  Total.Expenses: 14456055  Total.Subsidy: 11561484  Revenue.Less.Expenses: 743330  Rank: 133,1,43
1.45,#C77CFF,0.357264305379553,0.113608428988735,School: Tennessee-Chattanooga  Group: 4  Total.Revenue: 15110268  Total.Expenses: 15110268  Total.Subsidy: 11180421  Revenue.Less.Expenses: 0  Rank: 134,1,185
1.44,#C77CFF,0.37727345517329,0.112881534270096,School: Albany  Group: 4  Total.Revenue: 14982179  Total.Expenses: 14982179  Total.Subsidy: 11897880  Revenue.Less.Expenses: 0  Rank: 135,1,7
1.43,#C77CFF,0.412979180984136,0.112073107988071,School: Maryland-Baltimore Cty  Group: 4  Total.Revenue: 14839723  Total.Expenses: 14526343  Total.Subsidy: 13178164  Revenue.Less.Expenses: 313380  Rank: 136,1,100
1.43,#C77CFF,0.407803110762537,0.110911996830889,School: California-Riverside  Group: 4  Total.Revenue: 14635119  Total.Expenses: 14707554  Total.Subsidy: 12992568  Revenue.Less.Expenses: -72435  Rank: 137,1,26
1.42,#C77CFF,0.332880333761093,0.110350020937586,School: Murray State  Group: 4  Total.Revenue: 14536091  Total.Expenses: 14449057  Total.Subsidy: 10306096  Revenue.Less.Expenses: 87034  Rank: 138,1,121
1.42,#C77CFF,0.354806288369214,0.109525267913174,School: Lamar  Group: 4  Total.Revenue: 14390758  Total.Expenses: 14390771  Total.Subsidy: 11092285  Revenue.Less.Expenses: -13  Rank: 139,1,90
1.49,#C77CFF,0.371546272192531,0.109300626238734,School: California-Santa Barbara  Group: 4  Total.Revenue: 14351173  Total.Expenses: 16293499  Total.Subsidy: 11692523  Revenue.Less.Expenses: -1942326  Rank: 140,1,27
1.37,#C77CFF,0.336836905595982,0.107994844367734,School: Illinois-Chicago  Group: 4  Total.Revenue: 14121076  Total.Expenses: 12983073  Total.Subsidy: 10447965  Revenue.Less.Expenses: 1138003  Rank: 141,1,73
1.41,#C77CFF,0.265130249857306,0.107903171723831,School: South Dakota State  Group: 4  Total.Revenue: 14104922  Total.Expenses: 14115098  Total.Subsidy: 7876812  Revenue.Less.Expenses: -10176  Rank: 142,1,174
1.38,#C77CFF,0.364496095078427,0.106286285110266,School: North Carolina Greensboro  Group: 4  Total.Revenue: 13820004  Total.Expenses: 13223347  Total.Subsidy: 11439728  Revenue.Less.Expenses: 596657  Rank: 143,1,136
1.4,#C77CFF,0.187974937686413,0.105952940359563,School: Missouri State  Group: 4  Total.Revenue: 13761264  Total.Expenses: 13761264  Total.Subsidy: 5110289  Revenue.Less.Expenses: 0  Rank: 144,1,116
1.4,#C77CFF,0.34210397733234,0.105761179166662,School: Binghamton  Group: 4  Total.Revenue: 13727473  Total.Expenses: 13874420  Total.Subsidy: 10636824  Revenue.Less.Expenses: -146947  Rank: 145,1,20
1.39,#C77CFF,0.375667918488301,0.104348549917959,School: Central Conn State  Group: 4  Total.Revenue: 13478548  Total.Expenses: 13465442  Total.Subsidy: 11840311  Revenue.Less.Expenses: 13106  Rank: 146,1,34
1.34,#C77CFF,0.322478049056928,0.102838976025466,School: Tennessee Tech  Group: 4  Total.Revenue: 13212540  Total.Expenses: 12056455  Total.Subsidy: 9933106  Revenue.Less.Expenses: 1156085  Rank: 147,1,189
1.32,#C77CFF,0.362248918230997,0.102802588443894,School: Norfolk State  Group: 4  Total.Revenue: 13206128  Total.Expenses: 11663885  Total.Subsidy: 11359152  Revenue.Less.Expenses: 1542243  Rank: 148,1,131
1.38,#C77CFF,0.313800777130067,0.102197625038052,School: Indiana State  Group: 4  Total.Revenue: 13099525  Total.Expenses: 13264965  Total.Subsidy: 9621969  Revenue.Less.Expenses: -165440  Rank: 149,1,79
1.37,#C77CFF,0.362950101217223,0.101681842986606,School: Delaware State  Group: 4  Total.Revenue: 13008637  Total.Expenses: 12963142  Total.Subsidy: 11384294  Revenue.Less.Expenses: 45495  Rank: 150,1,49
1.37,#C77CFF,0.311013057420533,0.101508394757793,School: Portland State  Group: 4  Total.Revenue: 12978073  Total.Expenses: 12979483  Total.Subsidy: 9522011  Revenue.Less.Expenses: -1410  Rank: 151,1,158
1.36,#C77CFF,0.338723199942348,0.101394788551386,School: Stephen F Austin State  Group: 4  Total.Revenue: 12958054  Total.Expenses: 12770652  Total.Subsidy: 10515601  Revenue.Less.Expenses: 187402  Rank: 152,1,183
1.37,#C77CFF,0.33803395340979,0.101373825400057,School: Eastern Kentucky  Group: 4  Total.Revenue: 12954360  Total.Expenses: 12954360  Total.Subsidy: 10490887  Revenue.Less.Expenses: 0  Rank: 153,1,53
1.35,#C77CFF,0.347177806808274,0.101190661709663,School: Kennesaw State  Group: 4  Total.Revenue: 12922084  Total.Expenses: 12515027  Total.Subsidy: 10818754  Revenue.Less.Expenses: 407057  Rank: 154,1,87
1.36,#C77CFF,0.303650134064781,0.101058231796446,School: Eastern Illinois  Group: 4  Total.Revenue: 12898748  Total.Expenses: 12771828  Total.Subsidy: 9258002  Revenue.Less.Expenses: 126920  Rank: 155,1,52
1.32,#C77CFF,0.301636164286432,0.100809102845886,School: Sam Houston State  Group: 4  Total.Revenue: 12854848  Total.Expenses: 11688542  Total.Subsidy: 9185788  Revenue.Less.Expenses: 1166306  Rank: 156,1,165
1.37,#C77CFF,0.294291787056121,0.100743506455464,School: Citadel  Group: 4  Total.Revenue: 12843289  Total.Expenses: 12841412  Total.Subsidy: 8922444  Revenue.Less.Expenses: 1877  Rank: 157,1,39
1.35,#C77CFF,0.285297139328479,0.099060490009077,School: Youngstown State  Group: 4  Total.Revenue: 12546718  Total.Expenses: 12546718  Total.Subsidy: 8599927  Revenue.Less.Expenses: 0  Rank: 158,1,228
1.35,#C77CFF,0.327984240311379,0.0990480959856596,School: East Tennessee State  Group: 4  Total.Revenue: 12544534  Total.Expenses: 12449876  Total.Subsidy: 10130539  Revenue.Less.Expenses: 94658  Rank: 159,1,51
1.34,#C77CFF,0.302386320199386,0.0974413561275291,School: Jacksonville State  Group: 4  Total.Revenue: 12261404  Total.Expenses: 12261404  Total.Subsidy: 9212686  Revenue.Less.Expenses: 0  Rank: 160,1,83
1.33,#C77CFF,0.251600251736461,0.0945304631001937,School: Idaho State  Group: 4  Total.Revenue: 11748464  Total.Expenses: 11763774  Total.Subsidy: 7391673  Revenue.Less.Expenses: -15310  Rank: 161,1,72
1.29,#C77CFF,0.332605683771103,0.0944448966692931,School: Radford  Group: 4  Total.Revenue: 11733386  Total.Expenses: 10849661  Total.Subsidy: 10296248  Revenue.Less.Expenses: 883725  Rank: 162,1,161
1.32,#C77CFF,0.306415458979234,0.0943595572351583,School: Alabama State  Group: 4  Total.Revenue: 11718348  Total.Expenses: 11718348  Total.Subsidy: 9357157  Revenue.Less.Expenses: 0  Rank: 163,1,6
1.32,#C77CFF,0.263056793032993,0.0934732426878384,School: Weber State  Group: 4  Total.Revenue: 11562167  Total.Expenses: 11610450  Total.Subsidy: 7802465  Revenue.Less.Expenses: -48283  Rank: 164,1,214
1.32,#C77CFF,0.286402739404961,0.0934394769189129,School: Northern Arizona  Group: 4  Total.Revenue: 11556217  Total.Expenses: 11661255  Total.Subsidy: 8639570  Revenue.Less.Expenses: -105038  Rank: 165,1,144
1.31,#C77CFF,0.262500911270149,0.0921846671716925,School: Georgia Southern  Group: 4  Total.Revenue: 11335102  Total.Expenses: 11335102  Total.Subsidy: 7782533  Revenue.Less.Expenses: 0  Rank: 166,1,65
1.29,#C77CFF,0.176793185824424,0.0921187416359601,School: Louisiana-Monroe  Group: 4  Total.Revenue: 11323485  Total.Expenses: 10769839  Total.Subsidy: 4709350  Revenue.Less.Expenses: 553646  Rank: 167,1,94
1.33,#C77CFF,0.25555807857232,0.0919566545952794,School: North Carolina Wilmington  Group: 4  Total.Revenue: 11294923  Total.Expenses: 11754878  Total.Subsidy: 7533587  Revenue.Less.Expenses: -459955  Rank: 168,1,139
1.29,#C77CFF,0.332742562543531,0.0917876952275115,School: New Jersey Tech  Group: 4  Total.Revenue: 11265150  Total.Expenses: 10706684  Total.Subsidy: 10301156  Revenue.Less.Expenses: 558466  Rank: 169,1,126
1.3,#C77CFF,0.287698848628644,0.0916466564619476,School: Western Illinois  Group: 4  Total.Revenue: 11240297  Total.Expenses: 11109292  Total.Subsidy: 8686044  Revenue.Less.Expenses: 131005  Rank: 170,1,217
1.28,#C77CFF,0.264016673552439,0.0913067912291444,School: North Carolina Tech  Group: 4  Total.Revenue: 11180408  Total.Expenses: 10521501  Total.Subsidy: 7836883  Revenue.Less.Expenses: 658907  Rank: 171,1,138
1.3,#C77CFF,0.306344844258005,0.091089912844098,School: Winthrop  Group: 4  Total.Revenue: 11142191  Total.Expenses: 11019828  Total.Subsidy: 9354625  Revenue.Less.Expenses: 122363  Rank: 172,1,222
1.3,#C77CFF,0.269678317593669,0.0909981096770547,School: Eastern Washington  Group: 4  Total.Revenue: 11126014  Total.Expenses: 10941866  Total.Subsidy: 8039890  Revenue.Less.Expenses: 184148  Rank: 173,1,55
1.32,#C77CFF,0.276848221800282,0.0907813901897445,School: Western Carolina  Group: 4  Total.Revenue: 11087825  Total.Expenses: 11605915  Total.Subsidy: 8296978  Revenue.Less.Expenses: -518090  Rank: 174,1,216
1.32,#C77CFF,0.238805935184053,0.0907333519991639,School: Northern Colorado  Group: 4  Total.Revenue: 11079360  Total.Expenses: 11743605  Total.Subsidy: 6932913  Revenue.Less.Expenses: -664245  Rank: 175,1,145
1.3,#C77CFF,0.247164827309357,0.0907283126709612,School: Northwestern State La  Group: 4  Total.Revenue: 11078472  Total.Expenses: 11018299  Total.Subsidy: 7232634  Revenue.Less.Expenses: 60173  Rank: 176,1,148
1.3,#C77CFF,0.280618439935626,0.090347605045056,School: Tennessee State  Group: 4  Total.Revenue: 11011386  Total.Expenses: 11011386  Total.Subsidy: 8432165  Revenue.Less.Expenses: 0  Rank: 177,1,188
1.34,#C77CFF,0.29451793823086,0.09019167529165,School: Wisconsin-Milwaukee  Group: 4  Total.Revenue: 10983909  Total.Expenses: 12257732  Total.Subsidy: 8930553  Revenue.Less.Expenses: -1273823  Rank: 178,1,224
1.28,#C77CFF,0.272606764745271,0.0900604257616149,School: Florida Gulf Coast  Group: 4  Total.Revenue: 10960781  Total.Expenses: 10530733  Total.Subsidy: 8144894  Revenue.Less.Expenses: 430048  Rank: 179,1,59
1.29,#C77CFF,0.297833511348249,0.0897824625468687,School: Cleveland State  Group: 4  Total.Revenue: 10911800  Total.Expenses: 10911800  Total.Subsidy: 9049438  Revenue.Less.Expenses: 0  Rank: 180,1,41
1.29,#C77CFF,0.243689283401697,0.0894777080388288,School: Southeastern Louisiana  Group: 4  Total.Revenue: 10858098  Total.Expenses: 10680831  Total.Subsidy: 7108013  Revenue.Less.Expenses: 177267  Rank: 181,1,177
1.3,#C77CFF,0.163118109591482,0.0894668065191471,School: VMI  Group: 4  Total.Revenue: 10856177  Total.Expenses: 11092350  Total.Subsidy: 4219009  Revenue.Less.Expenses: -236173  Rank: 182,1,211
1.28,#C77CFF,0.291805351246046,0.0883499767560703,School: Texas Southern  Group: 4  Total.Revenue: 10659376  Total.Expenses: 10659376  Total.Subsidy: 8833289  Revenue.Less.Expenses: 0  Rank: 183,1,197
1.29,#C77CFF,0.273830502246368,0.0882791651149522,School: Oakland  Group: 4  Total.Revenue: 10646898  Total.Expenses: 10681019  Total.Subsidy: 8188773  Revenue.Less.Expenses: -34121  Rank: 184,1,149
1.3,#C77CFF,0.218529386517039,0.0874204703991215,School: Florida A&M  Group: 4  Total.Revenue: 10495584  Total.Expenses: 11005786  Total.Subsidy: 6205866  Revenue.Less.Expenses: -510202  Rank: 185,1,57
1.28,#C77CFF,0.274225325551435,0.0869279328165027,School: California State-Fullerton  Group: 4  Total.Revenue: 10408792  Total.Expenses: 10408792  Total.Subsidy: 8202930  Revenue.Less.Expenses: 0  Rank: 186,1,31
1.27,#C77CFF,0.296560717253692,0.0867439632875906,School: Morehead State  Group: 4  Total.Revenue: 10376374  Total.Expenses: 10376374  Total.Subsidy: 9003800  Revenue.Less.Expenses: 0  Rank: 187,1,119
1.28,#C77CFF,0.299098747548077,0.0866089683109184,School: California State-Northridge  Group: 4  Total.Revenue: 10352586  Total.Expenses: 10532983  Total.Subsidy: 9094805  Revenue.Less.Expenses: -180397  Rank: 188,1,32
1.27,#C77CFF,0.267815700932265,0.0863782601479104,School: Southern Utah  Group: 4  Total.Revenue: 10311932  Total.Expenses: 10197450  Total.Subsidy: 7973103  Revenue.Less.Expenses: 114482  Rank: 189,1,182
1.27,#C77CFF,0.239220866393545,0.0861531871796156,School: South Carolina State  Group: 4  Total.Revenue: 10272271  Total.Expenses: 10256778  Total.Subsidy: 6947791  Revenue.Less.Expenses: 15493  Rank: 190,1,171
1.27,#C77CFF,0.26954712815897,0.0858963573637734,School: Tennessee-Martin  Group: 4  Total.Revenue: 10227014  Total.Expenses: 10227014  Total.Subsidy: 8035186  Revenue.Less.Expenses: 0  Rank: 191,1,186
1.27,#C77CFF,0.228998186272599,0.0852858155124089,School: South Dakota  Group: 4  Total.Revenue: 10119428  Total.Expenses: 10148016  Total.Subsidy: 6581241  Revenue.Less.Expenses: -28588  Rank: 192,1,173
1.25,#C77CFF,0.239999943106623,0.0844619534503033,School: Austin Peay  Group: 4  Total.Revenue: 9974252  Total.Expenses: 9622460  Total.Subsidy: 6975726  Revenue.Less.Expenses: 351792  Rank: 193,1,18
1.27,#C77CFF,0.26228307099072,0.0842824387329217,School: Wright State  Group: 4  Total.Revenue: 9942619  Total.Expenses: 10226716  Total.Subsidy: 7774722  Revenue.Less.Expenses: -284097  Rank: 194,1,226
1.24,#C77CFF,0.24691017366815,0.0840317662043541,School: Southeast Missouri State  Group: 4  Total.Revenue: 9898447  Total.Expenses: 9450169  Total.Subsidy: 7223503  Revenue.Less.Expenses: 448278  Rank: 195,1,176
1.25,#C77CFF,0.260399928091233,0.0836936601964865,School: Central Arkansas  Group: 4  Total.Revenue: 9838868  Total.Expenses: 9658874  Total.Subsidy: 7707199  Revenue.Less.Expenses: 179994  Rank: 196,1,33
1.27,#C77CFF,0.172224285071964,0.0831639972928071,School: McNeese State  Group: 4  Total.Revenue: 9745534  Total.Expenses: 10139996  Total.Subsidy: 4545525  Revenue.Less.Expenses: -394462  Rank: 197,1,104
1.29,#C77CFF,0.285198356807708,0.0829863439489057,School: Texas-Arlington  Group: 4  Total.Revenue: 9714229  Total.Expenses: 10770129  Total.Subsidy: 8596385  Revenue.Less.Expenses: -1055900  Rank: 198,1,191
1.24,#C77CFF,0.224998051959606,0.0828911188056167,School: Arkansas-Little Rock  Group: 4  Total.Revenue: 9697449  Total.Expenses: 9356355  Total.Subsidy: 6437810  Revenue.Less.Expenses: 341094  Rank: 199,1,12
1.22,#C77CFF,0.270315830197365,0.0820553621129787,School: Texas A&M-Corpus Christi  Group: 4  Total.Revenue: 9550177  Total.Expenses: 8995616  Total.Subsidy: 8062749  Revenue.Less.Expenses: 554561  Rank: 200,1,195
1.26,#C77CFF,0.274776382532774,0.0814070309750134,School: Morgan State  Group: 4  Total.Revenue: 9435932  Total.Expenses: 9877250  Total.Subsidy: 8222689  Revenue.Less.Expenses: -441318  Rank: 201,1,120
1.24,#C77CFF,0.251613303746546,0.0812638868144458,School: Prairie View A&M  Group: 4  Total.Revenue: 9410708  Total.Expenses: 9395570  Total.Subsidy: 7392141  Revenue.Less.Expenses: 15138  Rank: 202,1,159
1.34,#C77CFF,0.256229336757645,0.0808116071082569,School: Missouri-Kansas City  Group: 4  Total.Revenue: 9331010  Total.Expenses: 12095001  Total.Subsidy: 7557656  Revenue.Less.Expenses: -2763991  Rank: 203,1,114
1.25,#C77CFF,0.280005330128563,0.0801008178101581,School: Utah Valley  Group: 4  Total.Revenue: 9205759  Total.Expenses: 9590298  Total.Subsidy: 8410181  Revenue.Less.Expenses: -384539  Rank: 204,1,206
1.23,#C77CFF,0.235276286790144,0.0787459649132926,School: North Florida  Group: 4  Total.Revenue: 8967015  Total.Expenses: 9046624  Total.Subsidy: 6806352  Revenue.Less.Expenses: -79609  Rank: 205,1,142
1.28,#C77CFF,0.213672058652833,0.0772063252991579,School: California State-Bakersfield  Group: 4  Total.Revenue: 8695709  Total.Expenses: 10649029  Total.Subsidy: 6031699  Revenue.Less.Expenses: -1953320  Rank: 206,1,30
1.22,#C77CFF,0.220201605586885,0.0763713347206048,School: North Carolina Central  Group: 4  Total.Revenue: 8548572  Total.Expenses: 8907321  Total.Subsidy: 6265826  Revenue.Less.Expenses: -358749  Rank: 207,1,134
1.18,#C77CFF,0.240008198224112,0.0742255229428489,School: Longwood  Group: 4  Total.Revenue: 8170450  Total.Expenses: 7944441  Total.Subsidy: 6976022  Revenue.Less.Expenses: 226009  Rank: 208,1,92
1.18,#C77CFF,0.181271280284498,0.0727052404779251,School: Wisconsin-Green Bay  Group: 4  Total.Revenue: 7902555  Total.Expenses: 7847963  Total.Subsidy: 4869919  Revenue.Less.Expenses: 54592  Rank: 209,1,223
1.2,#C77CFF,0.232406517906103,0.0723164063678011,School: Southern Illinois Edwardsville  Group: 4  Total.Revenue: 7834037  Total.Expenses: 8318406  Total.Subsidy: 6703452  Revenue.Less.Expenses: -484369  Rank: 210,1,180
1.13,#C77CFF,0.173125877768595,0.0711850998859799,School: Southern  Group: 4  Total.Revenue: 7634685  Total.Expenses: 6550323  Total.Subsidy: 4577853  Revenue.Less.Expenses: 1084362  Rank: 211,1,178
1.16,#C77CFF,0.180958868709775,0.0696716216491135,School: Nicholls State  Group: 4  Total.Revenue: 7367989  Total.Expenses: 7323983  Total.Subsidy: 4858717  Revenue.Less.Expenses: 44006  Rank: 212,1,130
1.16,#C77CFF,0.205446447630511,0.0695756133669822,School: Texas- Pan American  Group: 4  Total.Revenue: 7351071  Total.Expenses: 7273539  Total.Subsidy: 5736757  Revenue.Less.Expenses: 77532  Rank: 213,1,190
1.16,#C77CFF,0.194112756984457,0.0693917403116956,School: Arkansas-Pine Bluff  Group: 4  Total.Revenue: 7318670  Total.Expenses: 7318670  Total.Subsidy: 5330370  Revenue.Less.Expenses: 0  Rank: 214,1,13
1.15,#C77CFF,0.192732088584327,0.0681369532641517,School: Indiana-Purdue Fort Wayne  Group: 4  Total.Revenue: 7097559  Total.Expenses: 7088525  Total.Subsidy: 5280864  Revenue.Less.Expenses: 9034  Rank: 215,1,76
1.15,#C77CFF,0.216977786984837,0.067624247018884,School: Indiana-Purdue Indianapolis  Group: 4  Total.Revenue: 7007213  Total.Expenses: 7019556  Total.Subsidy: 6150231  Revenue.Less.Expenses: -12343  Rank: 216,1,77
1.11,#C77CFF,0.199672522835858,0.067256007190345,School: Savannah State  Group: 4  Total.Revenue: 6942324  Total.Expenses: 6049901  Total.Subsidy: 5529724  Revenue.Less.Expenses: 892423  Rank: 217,1,168
1.15,#C77CFF,0.214504152184653,0.0667045866466554,School: South Carolina Upstate  Group: 4  Total.Revenue: 6845156  Total.Expenses: 7010024  Total.Subsidy: 6061535  Revenue.Less.Expenses: -164868  Rank: 218,1,172
1.1,#C77CFF,0.194896881590324,0.0624024134164491,School: Chicago State  Group: 4  Total.Revenue: 6087053  Total.Expenses: 5630586  Total.Subsidy: 5358486  Revenue.Less.Expenses: 456467  Rank: 219,1,37
1.1,#C77CFF,0.161490540667247,0.0618842365491235,School: Alcorn State  Group: 4  Total.Revenue: 5995743  Total.Expenses: 5576931  Total.Subsidy: 4160650  Revenue.Less.Expenses: 418812  Rank: 220,1,8
1.11,#C77CFF,0.151617838483383,0.0612389925671742,School: Jackson State  Group: 4  Total.Revenue: 5882042  Total.Expenses: 5882042  Total.Subsidy: 3806649  Revenue.Less.Expenses: 0  Rank: 221,1,82
1.1,#C77CFF,0.183091812580052,0.0602402124721962,School: Maryland-Eastern Shore  Group: 4  Total.Revenue: 5706043  Total.Expenses: 5706043  Total.Subsidy: 4935197  Revenue.Less.Expenses: 0  Rank: 222,1,101
1.13,#C77CFF,0.149818027648285,0.0591642534768171,School: Alabama A&M  Group: 4  Total.Revenue: 5516444  Total.Expenses: 6604394  Total.Subsidy: 3742114  Revenue.Less.Expenses: -1087950  Rank: 223,1,4
1.1,#C77CFF,0.157340866016487,0.0587549839828443,School: North Carolina Asheville  Group: 4  Total.Revenue: 5444325  Total.Expenses: 5535771  Total.Subsidy: 4011857  Revenue.Less.Expenses: -91446  Rank: 224,1,133
1.15,#C77CFF,0.100386523565321,0.0566196424309149,School: Grambling State  Group: 4  Total.Revenue: 5068048  Total.Expenses: 6955233  Total.Subsidy: 1969671  Revenue.Less.Expenses: -1887185  Rank: 225,1,68
1.06,#C77CFF,0.120876868619749,0.0542090332508341,School: Mississippi Valley State  Group: 4  Total.Revenue: 4643265  Total.Expenses: 4643265  Total.Subsidy: 2704384  Revenue.Less.Expenses: 0  Rank: 226,1,113
1.02,#C77CFF,0.11934903043924,0.0467691858743342,School: Coppin State  Group: 4  Total.Revenue: 3332260  Total.Expenses: 3503649  Total.Subsidy: 2649601  Revenue.Less.Expenses: -171389  Rank: 227,1,47
1,#C77CFF,0.106493190950406,0.0454545454545455,School: New Orleans  Group: 4  Total.Revenue: 3100602  Total.Expenses: 2955212  Total.Subsidy: 2188635  Revenue.Less.Expenses: 145390  Rank: 228,1,129
